POI,DMS_id,DMS_filename,wildtype_sequence,chain_id,pdb_file
1N8Z_hm,4D5_HER2_fitness_1N8Z,4D5_HER2_fitness_1N8Z.csv,"{'A': 'DIQMTQSPSSLSASVGDRVTITCRASQDVNTAVAWYQQKPGKAPKLLIYSASFLYSGVPSRFSGSRSGTDFTLTISSLQPEDFATYYCQQHYTTPPTFGQGTKVEIKRTVAAPSVFIFPPSDEQLKSGTASVVCLLNNFYPREAKVQWKVDNALQSGNSQESVTEQDSKDSTYSLSSTLTLSKADYEKHKVYACEVTHQGLSSPVTKSFNRGEC', 'B': 'EVQLVESGGGLVQPGGSLRLSCAASGFNIKDTYIHWVRQAPGKGLEWVARIYPTNGYTRYADSVKGRFTISADTSKNTAYLQMNSLRAEDTAVYYCSRWGGDGFYAMDYWGQGTLVTVSSASTKGPSVFPLAPSSKSTSGGTAALGCLVKDYFPEPVTVSWNSGALTSGVHTFPAVLQSSGLYSLSSVVTVPSSSLGTQTYICNVNHKPSNTKVDKKVEP', 'C': 'TQVCTGTDMKLRLPASPETHLDMLRHLYQGCQVVQGNLELTYLPTNASLSFLQDIQEVQGYVLIAHNQVRQVPLQRLRIVRGTQLFEDNYALAVLDNGDPLXXXXXXXXXSPGGLRELQLRSLTEILKGGVLIQRNPQLCYQDTILWKDIFHKNNQLALTLIDTNRSRACHPCSPMCKGSRCWGESSEDCQSLTRTVCAGGCARCKGPLPTDCCHEQCAAGCTGPKHSDCLACLHFNDPPFCVARCPSGVKPDLSYMPKFPDEEGRYTFGAACVQPCPINYLSTDVGSCTHSCDLDDKGCPAXXXEQRCEKCASPLTSICYGLGMEHLREISAVVGILLVVVLGVKKVFGILAFIKRRQQXXXXKIRKYTMRRLLQETELVEPLTPSLYIGAMPNQAPQMRILKETELRKVKVLGSGAFGTVYKGIWIPPVAIKVLRENTSPKANKEILDEAYVMAGVGSPYVSRLLGICLTSTVQLVTQLMPYGCLLDHVRENRGRLWGPGSQDLLNCMQIAKGMSYLEECRVLQGLPREYVNARHCLPCHPECQPQNGSVTCFGPEADQCVACAHYKDPPFCVARCPSXXXXXXXXXXIWKFPDEEGACQPCPIN'}",ABC,1N8Z_hm.pdb
4ZFG,5A12_Ang2_fitness_4ZFG,5A12_Ang2_fitness_4ZFG.csv,"{'H': 'EVQLVESGGGLVQPGGSLRLSCAASGFTISDYWIHWVRQAPGKGLEWVAGITPAGGYTYYADSVKGRFTISADTSKNTAYLQMNSLRAEDTAVYYCARFVFFLPYAMDYWGQGTLVTVSSASTKGPSVFPLAPSSXXXXGGTAALGCLVKDYFPEPVTVSWNSGALTSGVHTFPAVLQSSGLYSLSSVVTVPSSSLGTQTYICNVNHKPSNTKVDKKVE', 'L': 'DIQMTQSPSSLSASVGDRVTITCRASQFLSSFGVAWYQQKPGKAPKLLIYGASSLYSGVPSRFSGSGSGTDFTLTISSLQPEDFATYYCQQGLLSPLTFGQGTKVEIKRTVAAPSVFIFPPSDEQLKSGTASVVCLLNNFYPREAKVQWKVDNALQSGNSQESVTEQDSKDSTYSLSSTLTLSKADYEKHKVYACEVTHQGLSSPVTKSFNRG', 'A': 'QISFRDCAEVFKSGHTTNGIYTLTFPNSTEEIKAYCDMEAGGGGWTIIQRREDGSVDFQRTWKEYKVGFGNPSGEYWLGNEFVSQLTNQQRYVLKIHLKDWEGNEAYSLYEHFYLSSEELNYRIHLKGLTGTAGKISSISQPGNDFSTKDGDNDKCICKCSQMLTGGWWFDACGPSNLNGMYYPQRQNTNKFNGIKWYYWKGSGYSLKATTMMIRPADFG'}",AHL,4ZFG.pdb
4ZFF_CHL,5A12_VEGF_fitness_4ZFF,5A12_VEGF_fitness_4ZFF.csv,"{'H': 'EVQLVESGGGLVQPGGSLRLSCAASGFTISDYWIHWVRQAPGKGLEWVAGITPAGGYTYYADSVKGRFTISADTSKNTAYLQMNSLRAEDTAVYYCARFVFFLPYAMDYWGQGTLVTVSSASTKGPSVFPLAPXXXXXXXXTAALGCLVKDYFPEPVTVSWNSGALTSGVHTFPAVLQSSGLYSLSSVVTVPSSSLGTQTYICNVNHKPSNTKVDKKVE', 'L': 'DIQMTQSPSSLSASVGDRVTITCRASQFLSSFGVAWYQQKPGKAPKLLIYGASSLYSGVPSRFSGSGSGTDFTLTISSLQPEDFATYYCQQGLLSPLTFGQGTKVEIKRTVAAPSVFIFPPSDEQLKSGTASVVCLLNNFYPREAKVQWKVDNALQSGNSQESVTEQDSKDSTYSLSSTLTLSKADYEKHKVYACEVTHQGLSSPVTKSFNRG', 'C': 'EVVKFMDVYQRSYCHPIETLVDIFQEYPDEIEYIFKPSCVPLMRCGGCCNDEGLECVPTEESNITMQIMRIKPHQGQHIGEMSFLQHNKCECRPKK'}",CHL,4ZFF_CHL.pdb
2M5A,Z-domain_ZpA963_HL1_fitness_2M5A,Z-domain_ZpA963_HL1_fitness_2M5A.csv,"{'A': 'VDNKFNKEQQNAFYEILHLPNLNEEQRNAFIQSLKDDPSQSANLLAEAKKLNDAQAPK', 'B': 'VDNKFNKETQEASWEIFTLPNLNGRQVAAFISSLLDDPSQSANLLAEAKKLNDAQAPK'}",AB,2M5A.pdb
2M5A,Z-domain_ZpA963_HL2_fitness_2M5A,Z-domain_ZpA963_HL2_fitness_2M5A.csv,"{'A': 'VDNKFNKEQQNAFYEILHLPNLNEEQRNAFIQSLKDDPSQSANLLAEAKKLNDAQAPK', 'B': 'VDNKFNKETQEASWEIFTLPNLNGRQVAAFISSLLDDPSQSANLLAEAKKLNDAQAPK'}",AB,2M5A.pdb
1LP1,Z-domain_ZSPA-1_LL1_fitness_1LP1,Z-domain_ZSPA-1_LL1_fitness_1LP1.csv,"{'B': 'KFNKEQQNAFYEILHLPNLNEEQRNAFIQSLKDDPSQSANLLAEAKKLNDAQAP', 'A': 'KFNKELSVAGREIVTLPNLNDPQKKAFIFSLWDDPSQSANLLAEAKKLNDAQAPK'}",AB,1LP1.pdb
1LP1,Z-domain_ZSPA-1_LL2_fitness_1LP1,Z-domain_ZSPA-1_LL2_fitness_1LP1.csv,"{'B': 'KFNKEQQNAFYEILHLPNLNEEQRNAFIQSLKDDPSQSANLLAEAKKLNDAQAP', 'A': 'KFNKELSVAGREIVTLPNLNDPQKKAFIFSLWDDPSQSANLLAEAKKLNDAQAPK'}",AB,1LP1.pdb
8U4O_hm,CXCR4_CXCL12_enrich_8U4O,CXCR4_CXCL12_enrich_8U4O.csv,"{'R': 'MKEPCFREENANFNKIFLPTIYSIIFLTGIVGNGLVILVMGYQKKLRSMTDKYRLHLSVADLLFVITLPFWAVDAVANWYFGNFLCKAVHVIYTVNLYSSVLILAFISLDRYLAIVHATNSQRPRKLLAEKVVYVGVWIPALLLTIPDFIFANVSEADDRYICDRFYPNDLWVVVFQFQHIMVGLILPGIVILSCYCIIISKLSHSKGHQKRKALKTTVILILAFFACWLPYYIGISIDSFILLEIIKQGCEFENTVHKWISITEALAFFHCCLNPILYAFLGAKFKTSAQHALT', 'J': 'KPVSLSYRCPCRFFESHVARANVKHLKILNTPNCALQIVARLKNNNRQVCIDPKLKWIQEYLEKA'}",JR,8U4O_hm.pdb
1JMQ_hm,hYAP65_peptide_FunctioncalScore_1JMQ,hYAP65_peptide_FunctioncalScore_1JMQ.csv,"{'A': 'FEIPDDVPLPAGWEMAKTSSGQRYFLNHIDQTTTWQDPRKAMLSQM', 'P': 'GTPPPPYTVG'}",AP,1JMQ_hm.pdb
1FCC_hm,GB1_IgG-Fc_fitness_1FCC,GB1_IgG-Fc_fitness_1FCC.csv,"{'A': 'PSVFLFPPKPKDTLMISRTPEVTCVVVDVSHEDPQVKFNWYVDGVQVHNAKTKPREQQYNSTYRVVSVLTVLHQNWLDGKEYKCKVSNKALPAPIEKTISKAKGQPREPQVYTLPPSREEMTKNQVSLTCLVKGFYPSDIAVEWESNGQPENNYKTTPPVLDSDGSFFLYSKLTVDKSRWQQGNVFSCSVMHEALHNHYTQKSLSL', 'C': 'MQYKLILNGKTLKGETTTEAVDAATAEKVFKQYANDNGVDGEWTYDDATKTFTVTE'}",AC,1FCC_hm.pdb
1FCC2016_hm,GB1_IgG-Fc_fitness_1FCC_2016,GB1_IgG-Fc_fitness_1FCC_2016.csv,"{'A': 'PSVFLFPPKPKDTLMISRTPEVTCVVVDVSHEDPQVKFNWYVDGVQVHNAKTKPREQQYNSTYRVVSVLTVLHQNWLDGKEYKCKVSNKALPAPIEKTISKAKGQPREPQVYTLPPSREEMTKNQVSLTCLVKGFYPSDIAVEWESNGQPENNYKTTPPVLDSDGSFFLYSKLTVDKSRWQQGNVFSCSVMHEALHNHYTQKSLSL', 'C': 'MTYKLILNGKTLKGETTTEAVDAATAEKVFKQYANDNGVDGEWTYDDATKTFTVTE'}",AC,1FCC2016_hm.pdb
6M0J,SARS2-RBD_ACE2_deltaKd_6M0J,SARS2-RBD_ACE2_deltaKd_6M0J.csv,"{'A': 'STIEEQAKTFLDKFNHEAEDLFYQSSLASWNYNTNITEENVQNMNNAGDKWSAFLKEQSTLAQMYPLQEIQNLTVKLQLQALQQNGSSVLSEDKSKRLNTILNTMSTIYSTGKVCNPDNPQECLLLEPGLNEIMANSLDYNERLWAWESWRSEVGKQLRPLYEEYVVLKNEMARANHYEDYGDYWRGDYEVNGVDGYDYSRGQLIEDVEHTFEEIKPLYEHLHAYVRAKLMNAYPSYISPIGCLPAHLLGDMWGRFWTNLYSLTVPFGQKPNIDVTDAMVDQAWDAQRIFKEAEKFFVSVGLPNMTQGFWENSMLTDPGNVQKAVCHPTAWDLGKGDFRILMCTKVTMDDFLTAHHEMGHIQYDMAYAAQPFLLRNGANEGFHEAVGEIMSLSAATPKHLKSIGLLSPDFQEDNETEINFLLKQALTIVGTLPFTYMLEKWRWMVFKGEIPKDQWMKKWWEMKREIVGVVEPVPHDETYCDPASLFHVSNDYSFIRYYTRTLYQFQFQEALCQAAKHEGPLHKCDISNSTEAGQKLFNMLRLGKSEPWTLALENVVGAKNMNVRPLLNYFEPLFTWLKDQNKNSFVGWSTDWSPYAD', 'E': 'TNLCPFGEVFNATRFASVYAWNRKRISNCVADYSVLYNSASFSTFKCYGVSPTKLNDLCFTNVYADSFVIRGDEVRQIAPGQTGKIADYNYKLPDDFTGCVIAWNSNNLDSKVGGNYNYLYRLFRKSNLKPFERDISTEIYQAGSTPCNGVEGFNCYFPLQSYGFQPTNGVGYQPYRVVVLSFELLHAPATVCG'}",AE,6M0J.pdb
5O2S_hm,KRAS_DARPinK27_norfitness_5O2S,KRAS_DARPinK27_norfitness_5O2S.csv,"{'A': 'MTEYKLVVVGAGGVGKSALTIQLIQNHFVDEYDPTIEDSYRKQVVIDGETCLLDILDTAGQEEYSAMRDQYMRTGEGFLCVFAINNTKSFEDIHHYREQIKRVKDSEDVPMVLVGNKCDLPSRTVDTKQAQDLARSYGIPFIETSAKTRQGVDDAFYTLVREIRK', 'B': 'MDLGKKLLEAARAGQDDEVRILMANGADVNAHDTFGFTPLHLAALYGHLEIVEVLLKNGADVNADDSYGRTPLHLAAMRGHLEIVEVLLKYGADVNAADEEGRTPLHLAAKRGHLEIVEVLLKNGADVNAQDKFGKTAFDISIDNGNEDLAEILQK'}",AB,5O2S_hm.pdb
1HE8_hm,KRAS_PICK3CG-RBD_norfitness_1HE8,KRAS_PICK3CG-RBD_norfitness_1HE8.csv,"{'B': 'MTEYKLVVVGAGGVGKSALTIQLIQNHFVDEYDPTIEDSYRKQVVIDGETCLLDILDTAGQEEYSAMRDQYMRTGEGFLCVFAINNTKSFEDIHHYREQIKRVKDSEDVPMVLVGNKCDLPSRTVDTKQAQDLARSYGIPFIETSAKTRQGVDDAFYTLVREIRKH', 'A': 'SEESQAFQRQLTALIGYDVTDVSNVHDDELEFTRRGLVTPRMAEVASRDPKLYAMHPWVTSKPLPEYLWKKIANNCIFIVIHRSTTSQTIKVSPDDTPGAILQSFFTKMAKKKSLMDIPESQSEQDFVLRVCGRDEYLVGETPIKNFQWVRHCLKNGEEIHVVLDTPPDPALDEVRKEXXXXXXXXXXXXXXXXXXXXXXXXXXXXXXXSLWDCDRKFRVKIRGIDIPVLPXXXXLTVFVEANIQHGQQVLCQRRTSPKPFTEEVLWNVWLEFSIKIKDLPKGALLNLQIYCXXXXXXXXXXXXXXXXXXXXXKVRLLYYVNLLLIDHRFLLRRGEYVLHMWQISXXXXXXXXXNADKLTSATNPDKENSMSISILLDNYCHPIXXXXXXXXXXXXXXXXXXXXXXXXXXXXXXXXXXXXXXXXXXXXXXXXXXXXXXXXXXXXXXXXXXXXXXXXXXXXXXXXXXXXXXXXXXXXSALDVGLTMQLLDCNFSDENVRAIAVQKLESLEDDDVLHYLLQLVQAVKFEPYHDSALARFLLKRGLRNKRIGHFLFWFLRSEIAQSRHYQQRFAVILEAYLRGCGTAMLHDFTQQVQVIEMLQKVTLDIKSLSXXXXXXXSQVISQLKQKLENLQNSQLPESFRVPYDPGLKAGALAIEKCKVMASKKKPLWLEFKCADPTALSNETIGIIFKHGDDLRQDMLILQILRIMESIWETESLDLCLLPYGCISTGDKIGMIEIVKDATTIAKIQQSTXXXXXXFKDEVLNHWLKEKSPTEEKFQAAVERFVYSCAGYCVATFVLGIGDRHNDNIMITETGNLFHIDFGHXXXXXXXXXXXXXERVPFVLTPDFLFVMGTSGKKTSPHFQKFQDICVKAYLALRHHTNLLIILFSMMLMTXXXXXXXXXDIEYIRDALTVGKNEEDAKKYFLDQIEVCRDKGWTVQF'}",AB,1HE8_hm.pdb
6VJJ,KRAS_RAF1_norfitness_6VJJ,KRAS_RAF1_norfitness_6VJJ.csv,"{'A': 'GMTEYKLVVVGAGGVGKSALTIQLIQNHFVDEYDPTIEDSYRKQVVIDGETCLLDILDTAGQEEYSAMRDQYMRTGEGFLCVFAINNTKSFEDIHHYREQIKRVKDSEDVPMVLVGNKCDLPSRTVDTKQAQDLARSYGIPFIETSAKTRQGVDDAFYTLVREIRKHK', 'B': 'SNTIRVFLPNKQRTVVNVRNGMSLHDCLMKALKVRGLQPECCAVFRLLHEHKGKKARLDWNTDAASLIGEELQVDFL'}",AB,6VJJ.pdb
6VJJ,KRAS_RAF1-RBD_norfitness_6VJJ,KRAS_RAF1-RBD_norfitness_6VJJ.csv,"{'A': 'GMTEYKLVVVGAGGVGKSALTIQLIQNHFVDEYDPTIEDSYRKQVVIDGETCLLDILDTAGQEEYSAMRDQYMRTGEGFLCVFAINNTKSFEDIHHYREQIKRVKDSEDVPMVLVGNKCDLPSRTVDTKQAQDLARSYGIPFIETSAKTRQGVDDAFYTLVREIRKHK', 'B': 'SNTIRVFLPNKQRTVVNVRNGMSLHDCLMKALKVRGLQPECCAVFRLLHEHKGKKARLDWNTDAASLIGEELQVDFL'}",AB,6VJJ.pdb
1LFD_hm,KRAS_RALGDS-RBD_norfitness_1LFD,KRAS_RALGDS-RBD_norfitness_1LFD.csv,"{'B': 'MTEYKLVVVGAGGVGKSALTIQLIQNHFVDEYDPTIEDSYRKQVVIDGETCLLDILDTAGQEEYSAMRDQYMRTGEGFLCVFAINNTKSFEDIHHYREQIKRVKDSEDVPMVLVGNKCDLPSRTVDTKQAQDLARSYGIPFIETSAKTRQGVDDAFYTLVREIRKHK', 'A': 'GDCCIIRVSLDVDNGNMYKSILVTSQDKAPAVIRKAMDKHNLEEEEPEDYELLQILSDDRKLKIPENANVFYAMNSTANYDFVLKKR'}",AB,1LFD_hm.pdb
8BE4_hm,KRAS_SOS1_norfitness_8BE4,KRAS_SOS1_norfitness_8BE4.csv,"{'S': 'PSADVYRFAEPDSEENIIFEENXXXXXGIPIIKAGTVIKLIERLTYHMYADPNFVRTFLTTYRSFCKPQELLSLIIERFEIPEXXXXXXXXXXXXXXXXXXXXELKRFRKEYIQPVQLRVLNVCRHWVEHHFYDFERDAYLLQRMEEFIGTVRGKAMKKWVESITKIIQRKKIAXXXXXXXXXXFQSSPPTVEWHISRPGHIETFDLLTLHPIEIARQLTLLESDLYRAVQPSELVGSVWTKEDKEINSPNLLKMIRHTTNLTLWFEKCIVETENLEERVAVVSRIIEILQVFQELNNFNGVLEVVSAMNSSPVYRLDHTFEQIPSRQKKILEEAHELSEDHYKKYLAKLRSINPPCVPFFGIYLTNILKTEEGNPEVLKRHGKELINFSKRRKVAEITGEIQQYQNQPYCLRVESDIKRFFENLNPMGNSMEKEFTDYLFNKSLEIEPRNPKPLPRFPKKYSYPLKSPGVRPSN', 'R': 'MTEYKLVVVGAGGVGKSALTIQLIQNHFVDEYDPTIEDSYRKQVVIDGETCLLDILDTAGQEEYSAMRDQYMRTGEGFLCVFAINNTKSFEDIHHYREQIKRVKDSEDVPMVLVGNKXXXPSRTVDTKQAQDLARSYGIPFIETSAKTRQGVDDAFYTLVREIRKHKE'}",RS,8BE4_hm.pdb
3KZ0_hm,BH3_Mcl-1_normed_3KZ0,BH3_Mcl-1_normed_3KZ0.csv,"{'A': 'DELYRQSLEIISRYLREQATGAKDXXXXXXXGATSRKALETLRRVGDGVQRNHETAFQGMLRKLDIKNEDDVKSLSRVMIHVFSDGVTNWGRIVTLISFGAFVAKHLKTINQESCIEPLAESITDVLVRTKRDWLVKQRGWDGFVEFFHV', 'C': 'RPEIWIAQELRRIGDEFNAYYAR'}",AC,3KZ0_hm.pdb
1PQ1_hm,BH3_Bcl-xL_normed_1PQ1,BH3_Bcl-xL_normed_1PQ1.csv,"{'A': 'MSQSNRELVVDFLSYKLSQKGYSWSQFSXXXXXXXXXXXXXXXXXXXXXXXXXXXXXXXXXXXXXXXXXXXXXXXXXREVIPMAAVKQALREAGDEFELRYRRAFSDLTSQLHITPGTAYQSFEQVVNELFRDGVNWGRIVAFFSFGGALCVESVDKEMQVLVSRIAAWMATYLNDHLEPWIQENGGWDTFVELYG', 'B': 'DLRPEIWIAQELRRIGDEFNAYYARRVFLNNYQ'}",AB,1PQ1_hm.pdb
5WER_hm,HLA-A2_TAPBPR_meanscore_5WER,HLA-A2_TAPBPR_meanscore_5WER.csv,"{'A': 'SHSMRYFFTSVSRPGRGEPRFIAVGYVDDTQFVRFDSDAASQRMEPRAPWIEQEGPEYWDGETRKVKAHSQTHRVDLGTLRGYYNQSEAGSHTVQRMYGCDVGSDWRFLRGYHQYAYDGKDYIALKEDLRSWTAADMAAQTTKHKWEAAHVAEQLRAYLEGTCVEWLRRYLENGKETLQRTDAPKTHMTHHAVSDHEATLRCWALSFYPAEITLTWQRXXXDQTQDTELVETRPAGDGTFQKWAAVVXXXXXXQRYTCHVQHEGLPKPLTLRWE', 'C': 'WRAVDVVLDCFLVKDGXXXXXXXXXXDRARASLVLKQVPVLDXXXXXXXXDFQGGTLAQDDPPIIFEASVDLVQIPQAXXXXXXXXXXXEVTCEISRYFXXXXXXXXXTAAWFMANVQVSGGGPSISLVMKTPRVAKNEVLWHPTLNLPLSPQGTVRTAVEFQVMTQTQSLSFLLGSSASLDCGFSMAPGLDLISVEWRLQHKGRGQLVYSWTAGQGQAVRKGATLEPXXXXMARDASLTLPGLTIQDEGTYICQITTSLYRAQQIIQLNIQASPKVRLSLANEXXLPTLICDIAGYYPLDVVVTWTREEXXXXPAQVSGASFSSLRQSVAGTYSISSSLTAEPXXXXXTYTCQVTHISLEEPLGASTQV'}",AC,5WER_hm.pdb
1BE9_hm,PSD95_CRIPT_1BE9,PSD95_CRIPT_1BE9.csv,"{'A': 'LLGEEDIPREPRRIVIHRGSTGLGFNIVGGEDGEGIFISFILAGGPADLSGELRKGDQILSVNGVDLRNASHEQAAIALKNAGQTVTIIAQYKPEEYSRFEANSSLGSTASLRSN', 'B': 'KQTSV'}",AB,1BE9_hm.pdb
1BE9Tm2F_hm,PSD95_Tm2F_1BE9,PSD95_Tm2F_1BE9.csv,"{'A': 'LLGEEDIPREPRRIVIHRGSTGLGFNIVGGEDGEGIFISFILAGGPADLSGELRKGDQILSVNGVDLRNASHEQAAIALKNAGQTVTIIAQYKPEEYSRFEANSSLGSTASLRSN', 'B': 'KQFSV'}",AB,1BE9Tm2F_hm.pdb
6M17_BE,ACE2_SARS2-RBD_enrich_6M17,ACE2_SARS2-RBD_enrich_6M17.csv,"{'B': 'IEEQAKTFLDKFNHEAEDLFYQSSLASWNYNTNITEENVQNMNNAGDKWSAFLKEQSTLAQMYPLQEIQNLTVKLQLQALQQNGSSVLSEDKSKRLNTILNTMSTIYSTGKVCNPDNPQECLLLEPGLNEIMANSLDYNERLWAWESWRSEVGKQLRPLYEEYVVLKNEMARANHYEDYGDYWRGDYEVNGVDGYDYSRGQLIEDVEHTFEEIKPLYEHLHAYVRAKLMNAYPSYISPIGCLPAHLLGDMWGRFWTNLYSLTVPFGQKPNIDVTDAMVDQAWDAQRIFKEAEKFFVSVGLPNMTQGFWENSMLTDPGNVQKAVCHPTAWDLGKGDFRILMCTKVTMDDFLTAHHEMGHIQYDMAYAAQPFLLRNGANEGFHEAVGEIMSLSAATPKHLKSIGLLSPDFQEDNETEINFLLKQALTIVGTLPFTYMLEKWRWMVFKGEIPKDQWMKKWWEMKREIVGVVEPVPHDETYCDPASLFHVSNDYSFIRYYTRTLYQFQFQEALCQAAKHEGPLHKCDISNSTEAGQKLFNMLRLGKSEPWTLALENVVGAKNMNVRPLLNYFEPLFTWLKDQNKNSFVGWSTDWSPYADQSIKVRISLKSALGDKAYEWNDNEMYLFRSSVAYAMRQYFLKVKNQMILFGEEDVRVANLKPRISFNFFVTAPKNVSDIIPRTEVEKAIRMSRSRINDAFRLNDNSLEFLGIQPTLGPPNQPPVSIWLIVFGVVMGVIVVGIVILIFTGIRDR', 'E': 'CPFGEVFNATRFASVYAWNRKRISNCVADYSVLYNSASFSTFKCYGVSPTKLNDLCFTNVYADSFVIRGDEVRQIAPGQTGKIADYNYKLPDDFTGCVIAWNSNNLDSKVGGNYNYLYRLFRKSNLKPFERDISTEIYQAGSTPCNGVEGFNCYFPLQSYGFQPTNGVGYQPYRVVVLSFELL'}",BE,6M17_BE.pdb
7URV_hm,CD19_FMC63_Fitness_7URV,CD19_FMC63_Fitness_7URV.csv,"{'C': 'PLVVKVEEGDNAVLQCLXXXXXXXTQQLTWSRESPLKPFLKLSLGLPGLGIHMRPLAIWLFIFNVSQQMGGFYLCQPGPPSEKAWQPGWTVNVEGSGELFRWNVSDLGGLXXXXXXXXXXXXXXXXXXXXSPKLYVWAKDRPEIWEGEPPCLXXXXXXXXXXSQDLTMAPGSTLWLSCGVPPDSVSRGPLSWTHVHPKGPKSLLSLELKDDRPARDMWVMETGLLLPRATAQDAGKYYCHRGNLTMSFHLEITAR', 'D': 'DIQMTQTTSSLSASLGDRVTISCRASQDISKYLNWYQQKPDGTVKLLIYHTSRLHSGVPSRFSGSGSGTDYSLTISNLEQEDIATYFCQQGNTLPYTFGGGTKLEITXXXXXXXXXXXXXXXEVKLQESGPGLVAPSQSLSVTCTVSGVSLPDYGVSWIRQPPRKGLEWLGVIWGSETTYYNSALKSRLTIIKDNSKSQVFLKMNSLQTDDTAIYYCAKHYYYGGSYAMDYWGQGTSVTVSS'}",CD,7URV_hm.pdb
