POI,DMS_id,DMS_filename,wildtype_sequence,chain_id,pdb_file,num_mutants,mut_chains
4ZFF_CHL,5A12_VEGF_fitness_4ZFF,5A12_VEGF_fitness_4ZFF.csv,"{'H': 'EVQLVESGGGLVQPGGSLRLSCAASGFTISDYWIHWVRQAPGKGLEWVAGITPAGGYTYYADSVKGRFTISADTSKNTAYLQMNSLRAEDTAVYYCARFVFFLPYAMDYWGQGTLVTVSSASTKGPSVFPLAPXXXXXXXXTAALGCLVKDYFPEPVTVSWNSGALTSGVHTFPAVLQSSGLYSLSSVVTVPSSSLGTQTYICNVNHKPSNTKVDKKVE', 'L': 'DIQMTQSPSSLSASVGDRVTITCRASQFLSSFGVAWYQQKPGKAPKLLIYGASSLYSGVPSRFSGSGSGTDFTLTISSLQPEDFATYYCQQGLLSPLTFGQGTKVEIKRTVAAPSVFIFPPSDEQLKSGTASVVCLLNNFYPREAKVQWKVDNALQSGNSQESVTEQDSKDSTYSLSSTLTLSKADYEKHKVYACEVTHQGLSSPVTKSFNRG', 'C': 'EVVKFMDVYQRSYCHPIETLVDIFQEYPDEIEYIFKPSCVPLMRCGGCCNDEGLECVPTEESNITMQIMRIKPHQGQHIGEMSFLQHNKCECRPKK'}",CHL,4ZFF_CHL.pdb,29981.0,
1LP1,Z-domain_ZSPA-1_LL1_fitness_1LP1,Z-domain_ZSPA-1_LL1_fitness_1LP1.csv,"{'B': 'KFNKEQQNAFYEILHLPNLNEEQRNAFIQSLKDDPSQSANLLAEAKKLNDAQAP', 'A': 'KFNKELSVAGREIVTLPNLNDPQKKAFIFSLWDDPSQSANLLAEAKKLNDAQAPK'}",AB,1LP1.pdb,45476.0,
1LP1,Z-domain_ZSPA-1_LL2_fitness_1LP1,Z-domain_ZSPA-1_LL2_fitness_1LP1.csv,"{'B': 'KFNKEQQNAFYEILHLPNLNEEQRNAFIQSLKDDPSQSANLLAEAKKLNDAQAP', 'A': 'KFNKELSVAGREIVTLPNLNDPQKKAFIFSLWDDPSQSANLLAEAKKLNDAQAPK'}",AB,1LP1.pdb,5583.0,
8U4O_hm,CXCR4_CXCL12_enrich_8U4O,CXCR4_CXCL12_enrich_8U4O.csv,"{'R': 'MKEPCFREENANFNKIFLPTIYSIIFLTGIVGNGLVILVMGYQKKLRSMTDKYRLHLSVADLLFVITLPFWAVDAVANWYFGNFLCKAVHVIYTVNLYSSVLILAFISLDRYLAIVHATNSQRPRKLLAEKVVYVGVWIPALLLTIPDFIFANVSEADDRYICDRFYPNDLWVVVFQFQHIMVGLILPGIVILSCYCIIISKLSHSKGHQKRKALKTTVILILAFFACWLPYYIGISIDSFILLEIIKQGCEFENTVHKWISITEALAFFHCCLNPILYAFLGAKFKTSAQHALT', 'J': 'KPVSLSYRCPCRFFESHVARANVKHLKILNTPNCALQIVARLKNNNRQVCIDPKLKWIQEYLEKA'}",JR,8U4O_hm.pdb,5585.0,
1JMQ_hm,hYAP65_peptide_FunctioncalScore_1JMQ,hYAP65_peptide_FunctioncalScore_1JMQ.csv,"{'A': 'FEIPDDVPLPAGWEMAKTSSGQRYFLNHIDQTTTWQDPRKAMLSQM', 'P': 'GTPPPPYTVG'}",AP,1JMQ_hm.pdb,18407.0,
1FCC_hm,GB1_IgG-Fc_fitness_1FCC,GB1_IgG-Fc_fitness_1FCC.csv,"{'A': 'PSVFLFPPKPKDTLMISRTPEVTCVVVDVSHEDPQVKFNWYVDGVQVHNAKTKPREQQYNSTYRVVSVLTVLHQNWLDGKEYKCKVSNKALPAPIEKTISKAKGQPREPQVYTLPPSREEMTKNQVSLTCLVKGFYPSDIAVEWESNGQPENNYKTTPPVLDSDGSFFLYSKLTVDKSRWQQGNVFSCSVMHEALHNHYTQKSLSL', 'C': 'MQYKLILNGKTLKGETTTEAVDAATAEKVFKQYANDNGVDGEWTYDDATKTFTVTE'}",AC,1FCC_hm.pdb,92891.0,
1FCC2016_hm,GB1_IgG-Fc_fitness_1FCC_2016,GB1_IgG-Fc_fitness_1FCC_2016.csv,"{'A': 'PSVFLFPPKPKDTLMISRTPEVTCVVVDVSHEDPQVKFNWYVDGVQVHNAKTKPREQQYNSTYRVVSVLTVLHQNWLDGKEYKCKVSNKALPAPIEKTISKAKGQPREPQVYTLPPSREEMTKNQVSLTCLVKGFYPSDIAVEWESNGQPENNYKTTPPVLDSDGSFFLYSKLTVDKSRWQQGNVFSCSVMHEALHNHYTQKSLSL', 'C': 'MTYKLILNGKTLKGETTTEAVDAATAEKVFKQYANDNGVDGEWTYDDATKTFTVTE'}",AC,1FCC2016_hm.pdb,22176.0,
6M0J,SARS2-RBD_ACE2_deltaKd_6M0J,SARS2-RBD_ACE2_deltaKd_6M0J.csv,"{'A': 'STIEEQAKTFLDKFNHEAEDLFYQSSLASWNYNTNITEENVQNMNNAGDKWSAFLKEQSTLAQMYPLQEIQNLTVKLQLQALQQNGSSVLSEDKSKRLNTILNTMSTIYSTGKVCNPDNPQECLLLEPGLNEIMANSLDYNERLWAWESWRSEVGKQLRPLYEEYVVLKNEMARANHYEDYGDYWRGDYEVNGVDGYDYSRGQLIEDVEHTFEEIKPLYEHLHAYVRAKLMNAYPSYISPIGCLPAHLLGDMWGRFWTNLYSLTVPFGQKPNIDVTDAMVDQAWDAQRIFKEAEKFFVSVGLPNMTQGFWENSMLTDPGNVQKAVCHPTAWDLGKGDFRILMCTKVTMDDFLTAHHEMGHIQYDMAYAAQPFLLRNGANEGFHEAVGEIMSLSAATPKHLKSIGLLSPDFQEDNETEINFLLKQALTIVGTLPFTYMLEKWRWMVFKGEIPKDQWMKKWWEMKREIVGVVEPVPHDETYCDPASLFHVSNDYSFIRYYTRTLYQFQFQEALCQAAKHEGPLHKCDISNSTEAGQKLFNMLRLGKSEPWTLALENVVGAKNMNVRPLLNYFEPLFTWLKDQNKNSFVGWSTDWSPYAD', 'E': 'TNLCPFGEVFNATRFASVYAWNRKRISNCVADYSVLYNSASFSTFKCYGVSPTKLNDLCFTNVYADSFVIRGDEVRQIAPGQTGKIADYNYKLPDDFTGCVIAWNSNNLDSKVGGNYNYLYRLFRKSNLKPFERDISTEIYQAGSTPCNGVEGFNCYFPLQSYGFQPTNGVGYQPYRVVVLSFELLHAPATVCG'}",AE,6M0J.pdb,21872.0,
5O2S_hm,KRAS_DARPinK27_norfitness_5O2S,KRAS_DARPinK27_norfitness_5O2S.csv,"{'A': 'MTEYKLVVVGAGGVGKSALTIQLIQNHFVDEYDPTIEDSYRKQVVIDGETCLLDILDTAGQEEYSAMRDQYMRTGEGFLCVFAINNTKSFEDIHHYREQIKRVKDSEDVPMVLVGNKCDLPSRTVDTKQAQDLARSYGIPFIETSAKTRQGVDDAFYTLVREIRK', 'B': 'MDLGKKLLEAARAGQDDEVRILMANGADVNAHDTFGFTPLHLAALYGHLEIVEVLLKNGADVNADDSYGRTPLHLAAMRGHLEIVEVLLKYGADVNAADEEGRTPLHLAAKRGHLEIVEVLLKNGADVNAQDKFGKTAFDISIDNGNEDLAEILQK'}",AB,5O2S_hm.pdb,19533.0,
1HE8_hm,KRAS_PICK3CG-RBD_norfitness_1HE8,KRAS_PICK3CG-RBD_norfitness_1HE8.csv,"{'B': 'MTEYKLVVVGAGGVGKSALTIQLIQNHFVDEYDPTIEDSYRKQVVIDGETCLLDILDTAGQEEYSAMRDQYMRTGEGFLCVFAINNTKSFEDIHHYREQIKRVKDSEDVPMVLVGNKCDLPSRTVDTKQAQDLARSYGIPFIETSAKTRQGVDDAFYTLVREIRKH', 'A': 'SEESQAFQRQLTALIGYDVTDVSNVHDDELEFTRRGLVTPRMAEVASRDPKLYAMHPWVTSKPLPEYLWKKIANNCIFIVIHRSTTSQTIKVSPDDTPGAILQSFFTKMAKKKSLMDIPESQSEQDFVLRVCGRDEYLVGETPIKNFQWVRHCLKNGEEIHVVLDTPPDPALDEVRKEXXXXXXXXXXXXXXXXXXXXXXXXXXXXXXXSLWDCDRKFRVKIRGIDIPVLPXXXXLTVFVEANIQHGQQVLCQRRTSPKPFTEEVLWNVWLEFSIKIKDLPKGALLNLQIYCXXXXXXXXXXXXXXXXXXXXXKVRLLYYVNLLLIDHRFLLRRGEYVLHMWQISXXXXXXXXXNADKLTSATNPDKENSMSISILLDNYCHPIXXXXXXXXXXXXXXXXXXXXXXXXXXXXXXXXXXXXXXXXXXXXXXXXXXXXXXXXXXXXXXXXXXXXXXXXXXXXXXXXXXXXXXXXXXXXSALDVGLTMQLLDCNFSDENVRAIAVQKLESLEDDDVLHYLLQLVQAVKFEPYHDSALARFLLKRGLRNKRIGHFLFWFLRSEIAQSRHYQQRFAVILEAYLRGCGTAMLHDFTQQVQVIEMLQKVTLDIKSLSXXXXXXXSQVISQLKQKLENLQNSQLPESFRVPYDPGLKAGALAIEKCKVMASKKKPLWLEFKCADPTALSNETIGIIFKHGDDLRQDMLILQILRIMESIWETESLDLCLLPYGCISTGDKIGMIEIVKDATTIAKIQQSTXXXXXXFKDEVLNHWLKEKSPTEEKFQAAVERFVYSCAGYCVATFVLGIGDRHNDNIMITETGNLFHIDFGHXXXXXXXXXXXXXERVPFVLTPDFLFVMGTSGKKTSPHFQKFQDICVKAYLALRHHTNLLIILFSMMLMTXXXXXXXXXDIEYIRDALTVGKNEEDAKKYFLDQIEVCRDKGWTVQF'}",AB,1HE8_hm.pdb,19203.0,
6VJJ,KRAS_RAF1_norfitness_6VJJ,KRAS_RAF1_norfitness_6VJJ.csv,"{'A': 'GMTEYKLVVVGAGGVGKSALTIQLIQNHFVDEYDPTIEDSYRKQVVIDGETCLLDILDTAGQEEYSAMRDQYMRTGEGFLCVFAINNTKSFEDIHHYREQIKRVKDSEDVPMVLVGNKCDLPSRTVDTKQAQDLARSYGIPFIETSAKTRQGVDDAFYTLVREIRKHK', 'B': 'SNTIRVFLPNKQRTVVNVRNGMSLHDCLMKALKVRGLQPECCAVFRLLHEHKGKKARLDWNTDAASLIGEELQVDFL'}",AB,6VJJ.pdb,12677.0,
6VJJ,KRAS_RAF1-RBD_norfitness_6VJJ,KRAS_RAF1-RBD_norfitness_6VJJ.csv,"{'A': 'GMTEYKLVVVGAGGVGKSALTIQLIQNHFVDEYDPTIEDSYRKQVVIDGETCLLDILDTAGQEEYSAMRDQYMRTGEGFLCVFAINNTKSFEDIHHYREQIKRVKDSEDVPMVLVGNKCDLPSRTVDTKQAQDLARSYGIPFIETSAKTRQGVDDAFYTLVREIRKHK', 'B': 'SNTIRVFLPNKQRTVVNVRNGMSLHDCLMKALKVRGLQPECCAVFRLLHEHKGKKARLDWNTDAASLIGEELQVDFL'}",AB,6VJJ.pdb,23162.0,
1LFD_hm,KRAS_RALGDS-RBD_norfitness_1LFD,KRAS_RALGDS-RBD_norfitness_1LFD.csv,"{'B': 'MTEYKLVVVGAGGVGKSALTIQLIQNHFVDEYDPTIEDSYRKQVVIDGETCLLDILDTAGQEEYSAMRDQYMRTGEGFLCVFAINNTKSFEDIHHYREQIKRVKDSEDVPMVLVGNKCDLPSRTVDTKQAQDLARSYGIPFIETSAKTRQGVDDAFYTLVREIRKHK', 'A': 'GDCCIIRVSLDVDNGNMYKSILVTSQDKAPAVIRKAMDKHNLEEEEPEDYELLQILSDDRKLKIPENANVFYAMNSTANYDFVLKKR'}",AB,1LFD_hm.pdb,20341.0,
8BE4_hm,KRAS_SOS1_norfitness_8BE4,KRAS_SOS1_norfitness_8BE4.csv,"{'S': 'PSADVYRFAEPDSEENIIFEENXXXXXGIPIIKAGTVIKLIERLTYHMYADPNFVRTFLTTYRSFCKPQELLSLIIERFEIPEXXXXXXXXXXXXXXXXXXXXELKRFRKEYIQPVQLRVLNVCRHWVEHHFYDFERDAYLLQRMEEFIGTVRGKAMKKWVESITKIIQRKKIAXXXXXXXXXXFQSSPPTVEWHISRPGHIETFDLLTLHPIEIARQLTLLESDLYRAVQPSELVGSVWTKEDKEINSPNLLKMIRHTTNLTLWFEKCIVETENLEERVAVVSRIIEILQVFQELNNFNGVLEVVSAMNSSPVYRLDHTFEQIPSRQKKILEEAHELSEDHYKKYLAKLRSINPPCVPFFGIYLTNILKTEEGNPEVLKRHGKELINFSKRRKVAEITGEIQQYQNQPYCLRVESDIKRFFENLNPMGNSMEKEFTDYLFNKSLEIEPRNPKPLPRFPKKYSYPLKSPGVRPSN', 'R': 'MTEYKLVVVGAGGVGKSALTIQLIQNHFVDEYDPTIEDSYRKQVVIDGETCLLDILDTAGQEEYSAMRDQYMRTGEGFLCVFAINNTKSFEDIHHYREQIKRVKDSEDVPMVLVGNKXXXPSRTVDTKQAQDLARSYGIPFIETSAKTRQGVDDAFYTLVREIRKHKE'}",RS,8BE4_hm.pdb,19425.0,
5WER_hm,HLA-A2_TAPBPR_meanscore_5WER,HLA-A2_TAPBPR_meanscore_5WER.csv,"{'A': 'SHSMRYFFTSVSRPGRGEPRFIAVGYVDDTQFVRFDSDAASQRMEPRAPWIEQEGPEYWDGETRKVKAHSQTHRVDLGTLRGYYNQSEAGSHTVQRMYGCDVGSDWRFLRGYHQYAYDGKDYIALKEDLRSWTAADMAAQTTKHKWEAAHVAEQLRAYLEGTCVEWLRRYLENGKETLQRTDAPKTHMTHHAVSDHEATLRCWALSFYPAEITLTWQRXXXDQTQDTELVETRPAGDGTFQKWAAVVXXXXXXQRYTCHVQHEGLPKPLTLRWE', 'C': 'WRAVDVVLDCFLVKDGXXXXXXXXXXDRARASLVLKQVPVLDXXXXXXXXDFQGGTLAQDDPPIIFEASVDLVQIPQAXXXXXXXXXXXEVTCEISRYFXXXXXXXXXTAAWFMANVQVSGGGPSISLVMKTPRVAKNEVLWHPTLNLPLSPQGTVRTAVEFQVMTQTQSLSFLLGSSASLDCGFSMAPGLDLISVEWRLQHKGRGQLVYSWTAGQGQAVRKGATLEPXXXXMARDASLTLPGLTIQDEGTYICQITTSLYRAQQIIQLNIQASPKVRLSLANEXXLPTLICDIAGYYPLDVVVTWTREEXXXXPAQVSGASFSSLRQSVAGTYSISSSLTAEPXXXXXTYTCQVTHISLEEPLGASTQV'}",AC,5WER_hm.pdb,3344.0,
7URV_hm,CD19_FMC63_Fitness_7URV,CD19_FMC63_Fitness_7URV.csv,"{'C': 'PLVVKVEEGDNAVLQCLXXXXXXXTQQLTWSRESPLKPFLKLSLGLPGLGIHMRPLAIWLFIFNVSQQMGGFYLCQPGPPSEKAWQPGWTVNVEGSGELFRWNVSDLGGLXXXXXXXXXXXXXXXXXXXXSPKLYVWAKDRPEIWEGEPPCLXXXXXXXXXXSQDLTMAPGSTLWLSCGVPPDSVSRGPLSWTHVHPKGPKSLLSLELKDDRPARDMWVMETGLLLPRATAQDAGKYYCHRGNLTMSFHLEITAR', 'D': 'DIQMTQTTSSLSASLGDRVTISCRASQDISKYLNWYQQKPDGTVKLLIYHTSRLHSGVPSRFSGSGSGTDYSLTISNLEQEDIATYFCQQGNTLPYTFGGGTKLEITXXXXXXXXXXXXXXXEVKLQESGPGLVAPSQSLSVTCTVSGVSLPDYGVSWIRQPPRKGLEWLGVIWGSETTYYNSALKSRLTIIKDNSKSQVFLKMNSLQTDDTAIYYCAKHYYYGGSYAMDYWGQGTSVTVSS'}",CD,7URV_hm.pdb,3886.0,
7WPB,SARS2-RBD_ACE2_HUMAN_7WPB,SARS2-RBD_ACE2_HUMAN_7WPB.csv,"{'A': 'ASNILETHRASNLEUCYSPROPHEASPGLUVALPHEASNALATHRARGPHEALASERVALTYRALATRPASNARGLYSARGILESERASNCYSVALALAASPTYRSERVALLEUTYRASNLEUALAPROPHEPHETHRPHELYSCYSTYRGLYVALSERPROTHRLYSLEUASNASPLEUCYSPHETHRASNVALTYRALAASPSERPHEVALILEARGGLYASPGLUVALARGGLNILEALAPROGLYGLNTHRGLYASNILEALAASPTYRASNTYRLYSLEUPROASPASPPHETHRGLYCYSVALILEALATRPASNSERASNLYSLEUASPSERLYSVALSERGLYASNTYRASNTYRLEUTYRARGLEUPHEARGLYSSERASNLEULYSPROPHEGLUARGASPILESERTHRGLUILETYRGLNALAGLYASNLYSPROCYSASNGLYVALALAGLYPHEASNCYSTYRPHEPROLEUARGSERTYRSERPHEARGPROTHRTYRGLYVALGLYHISGLNPROTYRARGVALVALVALLEUSERPHEGLULEULEUHISALAPROALATHRVALCYSGLYPROLYS', 'D': 'SERTHRILEGLUGLUGLNALALYSTHRPHELEUASPLYSPHEASNHISGLUALAGLUASPLEUPHETYRGLNSERSERLEUALASERTRPASNTYRASNTHRASNILETHRGLUGLUASNVALGLNASNMETASNASNALAGLYASPLYSTRPSERALAPHELEULYSGLUGLNSERTHRLEUALAGLNMETTYRPROLEUGLNGLUILEGLNASNLEUTHRVALLYSLEUGLNLEUGLNALALEUGLNGLNASNGLYSERSERVALLEUSERGLUASPLYSSERLYSARGLEUASNTHRILELEUASNTHRMETSERTHRILETYRSERTHRGLYLYSVALCYSASNPROASPASNPROGLNGLUCYSLEULEULEUGLUPROGLYLEUASNGLUILEMETALAASNSERLEUASPTYRASNGLUARGLEUTRPALATRPGLUSERTRPARGSERGLUVALGLYLYSGLNLEUARGPROLEUTYRGLUGLUTYRVALVALLEULYSASNGLUMETALAARGALAASNHISTYRGLUASPTYRGLYASPTYRTRPARGGLYASPTYRGLUVALASNGLYVALASPGLYTYRASPTYRSERARGGLYGLNLEUILEGLUASPVALGLUHISTHRPHEGLUGLUILELYSPROLEUTYRGLUHISLEUHISALATYRVALARGALALYSLEUMETASNALATYRPROSERTYRILESERPROILEGLYCYSLEUPROALAHISLEULEUGLYASPMETTRPGLYARGPHETRPTHRASNLEUTYRSERLEUTHRVALPROPHEGLYGLNLYSPROASNILEASPVALTHRASPALAMETVALASPGLNALATRPASPALAGLNARGILEPHELYSGLUALAGLULYSPHEPHEVALSERVALGLYLEUPROASNMETTHRGLNGLYPHETRPGLUASNSERMETLEUTHRASPPROGLYASNVALGLNLYSALAVALCYSHISPROTHRALATRPASPLEUGLYLYSGLYASPPHEARGILELEUMETCYSTHRLYSVALTHRMETASPASPPHELEUTHRALAHISHISGLUMETGLYHISILEGLNTYRASPMETALATYRALAALAGLNPROPHELEULEUARGASNGLYALAASNGLUGLYPHEHISGLUALAVALGLYGLUILEMETSERLEUSERALAALATHRPROLYSHISLEULYSSERILEGLYLEULEUSERPROASPPHEGLNGLUASPASNGLUTHRGLUILEASNPHELEULEULYSGLNALALEUTHRILEVALGLYTHRLEUPROPHETHRTYRMETLEUGLULYSTRPARGTRPMETVALPHELYSGLYGLUILEPROLYSASPGLNTRPMETLYSLYSTRPTRPGLUMETLYSARGGLUILEVALGLYVALVALGLUPROVALPROHISASPGLUTHRTYRCYSASPPROALASERLEUPHEHISVALSERASNASPTYRSERPHEILEARGTYRTYRTHRARGTHRLEUTYRGLNPHEGLNPHEGLNGLUALALEUCYSGLNALAALALYSHISGLUGLYPROLEUHISLYSCYSASPILESERASNSERTHRGLUALAGLYGLNLYSLEUPHEASNMETLEUARGLEUGLYLYSSERGLUPROTRPTHRLEUALALEUGLUASNVALVALGLYALALYSASNMETASNVALARGPROLEULEUASNTYRPHEGLUPROLEUPHETHRTRPLEULYSASPGLNASNLYSASNSERPHEVALGLYTRPSERTHRASPTRPSERPROTYRNAGNAGNAGCLZN'}",AD,7WPB.pdb,32565.0,A
7C01,SARS2-RBD_LY-CoV016_7C01,SARS2-RBD_LY-CoV016_7C01.csv,"{'A': 'THRASNLEUCYSPROPHEGLYGLUVALPHEASNALATHRARGPHEALASERVALTYRALATRPASNARGLYSARGILESERASNCYSVALALAASPTYRSERVALLEUTYRASNSERALASERPHESERTHRPHELYSCYSTYRGLYVALSERPROTHRLYSLEUASNASPLEUCYSPHETHRASNVALTYRALAASPSERPHEVALILEARGGLYASPGLUVALARGGLNILEALAPROGLYGLNTHRGLYLYSILEALAASPTYRASNTYRLYSLEUPROASPASPPHETHRGLYCYSVALILEALATRPASNSERASNASNLEUASPSERLYSVALGLYGLYASNTYRASNTYRLEUTYRARGLEUPHEARGLYSSERASNLEULYSPROPHEGLUARGASPILESERTHRGLUILETYRGLNALAGLYSERTHRPROCYSASNGLYVALGLUGLYPHEASNCYSTYRPHEPROLEUGLNSERTYRGLYPHEGLNPROTHRASNGLYVALGLYTYRGLNPROTYRARGVALVALVALLEUSERPHEGLULEULEUHISALAPROALATHRVALCYSGLYPRO', 'H': 'GLUVALGLNLEUVALGLUSERGLYGLYGLYLEUVALGLNPROGLYGLYSERLEUARGLEUSERCYSALAALASERGLYPHETHRVALSERSERASNTYRMETSERTRPVALARGGLNALAPROGLYLYSGLYLEUGLUTRPVALSERVALILETYRSERGLYGLYSERTHRPHETYRALAASPSERVALLYSGLYARGPHETHRILESERARGASPASNSERMETASNTHRLEUPHELEUGLNMETASNSERLEUARGALAGLUASPTHRALAVALTYRTYRCYSALAARGVALLEUPROMETTYRGLYASPTYRLEUASPTYRTRPGLYGLNGLYTHRLEUVALTHRVALSERSERALASERTHRLYSGLYPROSERVALPHEPROLEUALAPROSERSERLYSSERTHRSERGLYGLYTHRALAALALEUGLYCYSLEUVALLYSASPTYRPHEPROGLUPROVALTHRVALSERTRPASNSERGLYALALEUTHRSERGLYVALHISTHRPHEPROALAVALLEUGLNSERSERGLYLEUTYRSERLEUSERSERVALVALTHRVALPROSERSERSERLEUGLYTHRGLNTHRTYRILECYSASNVALASNHISLYSPROSERASNTHRLYSVALASPLYSARGVALGLU', 'L': 'ASPILEVALMETTHRGLNSERPROSERSERLEUSERALASERVALGLYASPARGVALTHRILETHRCYSARGALASERGLNSERILESERARGTYRLEUASNTRPTYRGLNGLNLYSPROGLYLYSALAPROLYSLEULEUILETYRALAALASERSERLEUGLNSERGLYVALPROSERARGPHESERGLYSERGLYSERGLYTHRASPPHETHRLEUTHRILESERSERLEUGLNPROGLUASPPHEALATHRTYRTYRCYSGLNGLNSERTYRSERTHRPROPROGLUTYRTHRPHEGLYGLNGLYTHRLYSLEUGLUILELYSARGTHRVALALAALAPROSERVALPHEILEPHEPROPROSERASPGLUGLNLEULYSSERGLYTHRALASERVALVALCYSLEULEUASNASNPHETYRPROARGGLUALALYSVALGLNTRPLYSVALASPASNALALEUGLNSERGLYASNSERGLNGLUSERVALTHRGLUGLNASPSERLYSASPSERTHRTYRSERLEUSERSERTHRLEUTHRLEUSERLYSALAASPTYRGLULYSHISLYSVALTYRALACYSGLUVALTHRHISGLNGLYLEUSERSERPROVALTHRLYSSERPHEASNARGGLYGLU'}",AHL,7C01.pdb,16511.0,A
7KMG,SARS2-RBD_LY-CoV555_7KMG,SARS2-RBD_LY-CoV555_7KMG.csv,"{'A': 'GLNVALGLNLEUVALGLNSERGLYALAGLUVALLYSLYSPROGLYSERSERVALLYSVALSERCYSLYSALASERGLYGLYTHRPHESERASNTYRALAILESERTRPVALARGGLNALAPROGLYGLNGLYLEUGLUTRPMETGLYARGILEILEPROILELEUGLYILEALAASNTYRALAGLNLYSPHEGLNGLYARGVALTHRILETHRALAASPLYSSERTHRSERTHRALATYRMETGLULEUSERSERLEUARGSERGLUASPTHRALAVALTYRTYRCYSALAARGGLYTYRTYRGLUALAARGHISTYRTYRTYRTYRTYRALAMETASPVALTRPGLYGLNGLYTHRALAVALTHRVALSERSERALASERTHRLYSGLYPROSERVALPHEPROLEUALAPROCYSSERSERGLUSERTHRALAALALEUGLYCYSLEUVALLYSASPTYRPHEPROGLUPROVALTHRVALSERTRPASNSERGLYALALEUTHRSERGLYVALHISTHRPHEPROALAVALLEUGLNSERSERGLYLEUTYRSERLEUSERSERVALVALTHRVALPROSERSERSERLEUGLYTHRLYSTHRTYRTHRCYSASNVALASPHISLYSPROSERASNTHRLYSVALASPLYSARGVALHISHISHISHISHIS', 'B': 'ASPILEGLNMETTHRGLNSERPROSERSERLEUSERALASERVALGLYASPARGVALTHRILETHRCYSARGALASERGLNSERILESERSERTYRLEUSERTRPTYRGLNGLNLYSPROGLYLYSALAPROLYSLEULEUILETYRALAALASERSERLEUGLNSERGLYVALPROSERARGPHESERGLYSERGLYSERGLYTHRASPPHETHRLEUTHRILETHRSERLEUGLNPROGLUASPPHEALATHRTYRTYRCYSGLNGLNSERTYRSERTHRPROARGTHRPHEGLYGLNGLYTHRLYSVALGLUILELYSARGTHRVALALAALAPROSERVALPHEILEPHEPROPROSERASPGLUGLNLEULYSSERGLYTHRALASERVALVALCYSLEULEUASNASNPHETYRPROARGGLUALALYSVALGLNTRPLYSVALASPASNALALEUGLNSERGLYASNSERGLNGLUSERVALTHRGLUGLNASPSERLYSASPSERTHRTYRSERLEUSERSERTHRLEUTHRLEUSERLYSALAASPTYRGLULYSHISLYSVALTYRALACYSGLUVALTHRGLNGLYTHRTHRSERVALTHRLYSSERPHEASNARGGLYGLUCYS', 'C': 'ASNLEUCYSPROPHEGLYGLUVALPHEASNALATHRARGPHEALASERVALTYRALATRPASNARGLYSARGILESERASNCYSVALALAASPTYRSERVALLEUTYRASNSERALASERPHESERTHRPHELYSCYSTYRGLYVALSERPROTHRLYSLEUASNASPLEUCYSPHETHRASNVALTYRALAASPSERPHEVALILEARGGLYASPGLUVALARGGLNILEALAPROGLYGLNTHRGLYLYSILEALAASPTYRASNTYRLYSLEUPROASPASPPHETHRGLYCYSVALILEALATRPASNSERASNASNLEUASPSERLYSVALGLYGLYASNTYRASNTYRLEUTYRARGLEUPHEARGLYSSERASNLEULYSPROPHEGLUARGASPILESERTHRGLUILETYRGLNALAGLYSERTHRPROCYSASNGLYVALGLUGLYPHEASNCYSTYRPHEPROLEUGLNSERTYRGLYPHEGLNPROTHRASNGLYVALGLYTYRGLNPROTYRARGVALVALVALLEUSERPHEGLULEULEUHISALAPROALATHRVALCYSGLY'}",ABC,7KMG.pdb,19867.0,C
7XCO,SARS2-RBD_S309_7XCO,SARS2-RBD_S309_7XCO.csv,"{'A': 'GLNCYSVALASNLEUTHRTHRARGTHRGLNLEUPROPROALATYRTHRASNSERPHETHRARGGLYVALTYRTYRPROASPLYSVALPHEARGSERSERVALLEUHISSERTHRGLNASPLEUPHELEUPROPHEPHESERASNVALTHRTRPPHEHISVALILELYSARGPHEASPASNPROVALLEUPROPHEASNASPGLYVALTYRPHEALASERILEGLULYSSERASNILEILEARGGLYTRPILEPHEGLYTHRTHRLEUASPSERLYSTHRGLNSERLEULEUILEVALASNASNALATHRASNVALVALILELYSVALCYSGLUPHEGLNPHECYSASNASPPROPHELEUASPMETGLUSERGLUPHEARGVALTYRSERSERALAASNASNCYSTHRPHEGLUTYRVALSERGLNPROPHELEUASNPHELYSASNLEUARGGLUPHEVALPHELYSASNILEASPGLYTYRPHELYSILETYRSERLYSHISTHRPROILEASPLEUPROGLNGLYPHESERALALEUGLUPROLEUVALASPLEUPROILEGLYILEASNILETHRARGPHEGLNTHRLEULEUALALEUHISARGSERGLYTRPTHRALAGLYALAALAALATYRTYRVALGLYTYRLEUGLNPROARGTHRPHELEULEULYSTYRASNGLUASNGLYTHRILETHRASPALAVALASPCYSALALEUASPPROLEUSERGLUTHRLYSCYSTHRLEULYSSERPHETHRVALGLULYSGLYILETYRGLNTHRSERASNPHEARGVALGLNPROTHRGLUSERILEVALARGPHEPROASNILETHRASNLEUCYSPROPHEASPGLUVALPHEASNALATHRARGPHEALASERVALTYRALATRPASNARGLYSARGILESERASNCYSVALALAASPTYRSERVALLEUTYRASNLEUALAPROPHEPHETHRPHELYSCYSTYRGLYVALSERPROTHRLYSLEUASNASPLEUCYSPHETHRASNVALTYRALAASPSERPHEVALILEARGGLYASPGLUVALARGGLNILEALAPROGLYGLNTHRGLYASNILEALAASPTYRASNTYRLYSLEUPROASPASPPHETHRGLYCYSVALILEALATRPASNSERASNLYSLEUASPSERLYSVALSERGLYASNTYRASNTYRLEUTYRARGLEUPHEARGLYSSERASNLEULYSPROPHEGLUARGASPILESERTHRGLUILETYRGLNALAGLYASNLYSPROCYSASNGLYVALALAGLYPHEASNCYSTYRPHEPROLEUARGSERTYRSERPHEARGPROTHRTYRGLYVALGLYHISGLNPROTYRARGVALVALVALLEUSERPHEGLULEULEUHISALAPROALATHRVALCYSGLYPROLYSLYSSERTHRASNLEUVALLYSASNLYSCYSVALASNPHEASNPHEASNGLYLEULYSGLYTHRGLYVALLEUTHRGLUSERASNLYSLYSPHELEUPROPHEGLNGLNPHEGLYARGASPILEALAASPTHRTHRASPALAVALARGASPPROGLNTHRLEUGLUILELEUASPILETHRPROCYSSERPHEGLYGLYVALSERVALILETHRPROGLYTHRASNTHRSERASNGLNVALALAVALLEUTYRGLNGLYVALASNCYSTHRGLUVALPROVALALAILEHISALAASPGLNLEUTHRPROTHRTRPARGVALTYRSERTHRGLYSERASNVALPHEGLNTHRARGALAGLYCYSLEUILEGLYALAGLUTYRVALASNASNSERTYRGLUCYSASPILEPROILEGLYALAGLYILECYSALASERTYRGLNTHRGLNSERILEILEALATYRTHRMETSERLEUGLYALAGLUASNSERVALALATYRSERASNASNSERILEALAILEPROTHRASNPHETHRILESERVALTHRTHRGLUILELEUPROVALSERMETTHRLYSTHRSERVALASPCYSTHRMETTYRILECYSGLYASPSERTHRGLUCYSSERASNLEULEULEUGLNTYRGLYSERPHECYSTHRGLNLEULYSARGALALEUTHRGLYILEALAVALGLUGLNASPLYSASNTHRGLNGLUVALPHEALAGLNVALLYSGLNILETYRLYSTHRPROPROILELYSTYRPHEGLYGLYPHEASNPHESERGLNILELEUPROASPPROSERLYSPROSERLYSARGSERPROILEGLUASPLEULEUPHEASNLYSVALTHRASPLEUILECYSALAGLNLYSPHELYSGLYLEUTHRVALLEUPROPROLEULEUTHRASPGLUMETILEALAGLNTYRTHRSERALALEULEUALAGLYTHRILETHRSERGLYTRPTHRPHEGLYALAGLYPROALALEUGLNILEPROPHEPROMETGLNMETALATYRARGPHEASNGLYILEGLYVALTHRGLNASNVALLEUTYRGLUASNGLNLYSLEUILEALAASNGLNPHEASNSERALAILEGLYLYSILEGLNASPSERLEUSERSERTHRPROSERALALEUGLYLYSLEUGLNASPVALVALASNHISASNALAGLNALALEUASNTHRLEUVALLYSGLNLEUSERSERLYSPHEGLYALAILESERSERVALLEUASNASPILEPHESERARGLEUASPPROPROGLUALAGLUVALGLNILEASPARGLEUILETHRGLYARGLEUGLNSERLEUGLNTHRTYRVALTHRGLNGLNLEUILEARGALAALAGLUILEARGALASERALAASNLEUALAALATHRLYSMETSERGLUCYSVALLEUGLYGLNSERLYSARGVALASPPHECYSGLYLYSGLYTYRHISLEUMETSERPHEPROGLNSERALAPROHISGLYVALVALPHELEUHISVALTHRTYRVALPROALAGLNGLULYSASNPHETHRTHRALAPROALAILECYSHISASPGLYLYSALAHISPHEPROARGGLUGLYVALPHEVALSERASNGLYTHRHISTRPPHEVALTHRGLNARGASNPHETYRGLUPROGLNILEILETHRTHRASPASNTHRPHEVALSERGLYASNCYSASPVALVALILEGLYILEVALASNASNTHRVALTYRASPPROLEUGLNPROGLULEUASPSER', 'H': 'GLNVALGLNLEUVALGLNSERGLYALAGLUVALLYSLYSPROGLYALASERVALLYSVALSERCYSLYSALASERGLYTYRPROPHETHRSERTYRGLYILESERTRPVALARGGLNALAPROGLYGLNGLYLEUGLUTRPMETGLYTRPILESERTHRTYRASNGLYASNTHRASNTYRALAGLNLYSPHEGLNGLYARGVALTHRMETTHRTHRASPTHRSERTHRTHRTHRGLYTYRMETGLULEUARGARGLEUARGSERASPASPTHRALAVALTYRTYRCYSALAARGASPTYRTHRARGGLYALATRPPHEGLYGLUSERLEUILEGLYGLYPHEASPASNTRPGLYGLNGLYTHRLEUVALTHRVALSERSERALASERTHRLYSGLYPROSERVALPHEPROLEUALAPROSERSERLYSTHRALAALALEUGLYCYSLEUVALLYSASPTYRPHEPROGLUPROVALTHRVALSERTRPASNSERGLYALALEUTHRSERGLYVALHISTHRPHEPROALAVALLEUGLNSERSERGLYLEUTYRSERLEUSERSERVALVALTHRVALPROSERSERSERLEUGLYTHRGLNTHRTYRILECYSASNVALASNHISLYSPROSERASNTHRLYSVALASPLYSLYSVALGLUPROLYS', 'L': 'GLUILEVALLEUTHRGLNSERPROGLYTHRLEUSERLEUSERPROGLYGLUARGALATHRLEUSERCYSARGALASERGLNTHRVALSERSERTHRSERLEUALATRPTYRGLNGLNLYSPROGLYGLNALAPROARGLEULEUILETYRGLYALASERSERARGALATHRGLYILEPROASPARGPHESERGLYSERGLYSERGLYTHRASPPHETHRLEUTHRILESERARGLEUGLUPROGLUASPPHEALAVALTYRTYRCYSGLNGLNHISASPTHRSERLEUTHRPHEGLYGLYGLYTHRLYSVALGLUILELYSARGTHRVALALAALAPROSERVALPHEILEPHEPROPROSERASPGLUGLNLEULYSSERGLYTHRALASERVALVALCYSLEULEUASNASNPHETYRPROARGGLUALALYSVALGLNTRPLYSVALASPASNALALEUGLNSERGLYASNSERGLNGLUSERVALTHRGLUGLNASPSERLYSASPSERTHRTYRSERLEUSERSERTHRLEUTHRLEUSERLYSALAASPTYRGLULYSHISLYSVALTYRALACYSGLUVALTHRHISGLNGLYLEUSERSERPROVALTHRLYSSERPHEASNARGGLY'}",AHL,7XCO.pdb,32768.0,A
9LYP,SARS2-RBD_REGN10987_9LYP,SARS2-RBD_REGN10987_9LYP.csv,"{'B': 'ASNLEUCYSPROPHEGLYGLUVALPHEASNALATHRARGPHEALASERVALTYRALATRPASNARGLYSARGILESERASNCYSVALALAASPTYRSERVALLEUTYRASNSERALASERPHESERTHRPHELYSCYSTYRGLYVALSERPROTHRLYSLEUASNASPLEUCYSPHETHRASNVALTYRALAASPSERPHEVALILEARGGLYASPGLUVALARGGLNILEALAPROGLYGLNTHRGLYLYSILEALAASPTYRASNTYRLYSLEUPROASPASPPHETHRGLYCYSVALILEALATRPASNSERASNASNLEUASPSERLYSVALGLYGLYASNTYRASNTYRLEUTYRARGLEUPHEARGLYSSERASNLEULYSPROPHEGLUARGASPILESERTHRGLUILETYRGLNALAGLYSERTHRPROCYSASNGLYVALGLUGLYPHEASNCYSTYRPHEPROLEUGLNSERTYRGLYPHEGLNPROTHRTYRGLYVALGLYTYRGLNPROTYRARGVALVALVALLEUSERPHEGLULEULEUHISALAPROALATHRVALCYSGLYPRO', 'i': 'GLNSERALALEUTHRGLNPROALASERVALSERGLYSERPROGLYGLNSERILETHRILESERCYSTHRGLYTHRSERSERASPVALGLYGLYTYRASNTYRVALSERTRPTYRGLNGLNHISPROGLYLYSALAPROLYSLEUMETILETYRASPVALSERLYSARGPROSERGLYVALSERASNARGPHESERGLYSERLYSSERGLYASNTHRALASERLEUTHRILESERGLYLEUGLNSERGLUASPGLUALAASPTYRTYRCYSASNSERLEUTHRSERILESERTHRTRPVALPHEGLYGLYGLYTHRLYSLEUTHRVALLEUGLYARGTHRVALALAALAPROSERVALPHEILEPHEPROPROSERASPGLUGLNLEULYSSERGLYTHRALASERVALVALCYSLEULEUASNASNPHETYRPROARGGLUALALYSVALGLNTRPLYSVALASPASNALALEUGLNSERGLYASNSERGLNGLUSERVALTHRGLUGLNASPSERLYSASPSERTHRTYRSERLEUSERSERTHRLEUTHRLEUSERLYSALAASPTYRGLULYSHISLYSVALTYRALACYSGLUVALTHRHISGLNGLYLEUSERSERPROVALTHRLYSSERPHEASNARGGLYGLUCYS', 'j': 'GLNVALGLNLEUVALGLUSERGLYGLYGLYVALVALGLNPROGLYARGSERLEUARGLEUSERCYSALAALASERGLYPHETHRPHESERASNTYRALAMETTYRTRPVALARGGLNALAPROGLYLYSGLYLEUGLUTRPVALALAVALILESERTYRASPGLYSERASNLYSTYRTYRALAASPSERVALLYSGLYARGPHETHRILESERARGASPASNSERLYSASNTHRLEUTYRLEUGLNMETASNSERLEUARGTHRGLUASPTHRALAVALTYRTYRCYSALASERGLYSERASPTYRGLYASPTYRLEULEUVALTYRTRPGLYGLNGLYTHRLEUVALTHRVALSERSERALASERTHRLYSGLYPROSERVALPHEPROLEUALAPROSERSERLYSSERTHRSERGLYGLYTHRALAALALEUGLYCYSLEUVALLYSASPTYRPHEPROGLUPROVALTHRVALSERTRPASNSERGLYALALEUTHRSERGLYVALHISTHRPHEPROALAVALLEUGLNSERSERGLYLEUTYRSERLEUSERSERVALVALTHRVALPROSERSERSERLEUGLYTHRGLNTHRTYRILECYSASNVALASNHISLYSPROSERASNTHRLYSVALASPLYSLYSVALGLUPROLYSSERCYS'}",Bij,9LYP.pdb,23686.0,B
